start,end,peak,spike_observations,before_mean,slope_per_1000,baseline_spikes,post_start,post_end,post_complete,post_spikes,post_mean,predicted,residual
150665,150760,7.285525321960449,20,1.0897193942247057,0.000998353864585709,0,151760,156760,True,1,1.1008497970496007,1.098331612616763,0.002518184432837689
153530,153530,2.1963698863983154,1,1.1417878196803486,0.014887071922204493,20,154530,159530,True,0,1.0912005690336228,1.2681350809555896,-0.17693451192196674
171080,171715,10.631185531616211,96,1.091963549375534,-0.00025102625574385947,0,172715,177715,True,51,1.3783705275099318,1.0896703711328386,0.28870015637709323
173110,173555,7.638995170593262,51,1.3831431959569453,0.11501881078400998,96,174555,179555,True,27,1.1975300507741171,2.41222277084147,-1.214692720067353
177990,178715,5.672447204589844,27,1.5223223969839763,-0.04589930715349581,147,179715,184715,True,0,1.1022822093963622,1.0986961742781503,0.003586035118211983
215170,215240,7.319023609161377,6,1.0326338373720645,-0.0004615057007710748,0,216240,221240,True,0,1.029740346431732,1.028678733516457,0.0010616129152751785
226285,227050,9.879478454589844,100,1.0280152864012497,-0.00040687875889855565,0,228050,233050,True,224,2.1638194654242917,1.024257720130149,1.1395617452941427
228550,229220,12.885231971740723,125,1.276389739345228,0.08876957277932675,100,230220,235220,True,195,1.834665808558464,2.0902926235244825,-0.2556268149660186
230465,231295,10.56660270690918,71,1.5996178500538893,0.1695963280928305,225,232295,237295,True,129,1.5734364931583404,3.186937260775106,-1.6135007676167654
232535,235515,7.790472507476807,127,1.773734930396907,0.09230398980984765,296,236515,241515,True,138,1.8408045556545258,2.825966126628331,-0.9851615709738053
236610,236615,4.3529791831970215,2,1.849928295482439,-0.09012822341689167,358,237615,242615,True,171,1.9661306755542756,1.0845162789072462,0.8816143966470293
239845,241845,10.948978424072266,171,1.4897851760685443,-0.11216405771459859,200,242845,247845,True,27,1.2328000239133834,0.3120625700652597,0.9207374538481237
243800,243820,8.115732192993164,5,1.6475730482041835,0.03902941745116292,244,244820,249820,True,22,1.177197521328926,1.9801036848880922,-0.8029061635591661
244905,245045,11.371448516845703,22,1.5881623674035072,0.025787904877411665,184,246045,251045,True,0,1.0330990555286408,1.8109698655443445,-0.7778708100157037
278085,286750,24.092065811157227,705,1.0055251121520996,0.0024004513987449182,0,287750,292750,True,24,1.2308674325346947,1.0466264425952096,0.184240989939485
287910,288135,9.161925315856934,14,2.8591932477355004,-0.36788145812830536,705,289135,294135,True,10,1.1591618517041207,-0.3505724744339631,1.5097343261380838
290610,291145,7.2856011390686035,10,1.9472857723534107,-0.2166565605706738,365,292145,297145,True,0,1.074554504275322,-0.010206252402626625,1.0847607566779485
300555,300555,2.272231101989746,1,1.1039260842501668,-0.022657882851879245,10,301555,306555,True,0,1.0694997218847275,0.9109737811955324,0.15852594068919512
309025,309650,9.264915466308594,64,1.0645187390755624,-0.0011714376753563665,1,310650,315650,True,73,1.3596476248434715,1.0538193606203734,0.30582826422309806
311370,313750,16.392475128173828,73,1.174434376001358,0.03629548269465451,64,314750,319750,True,6,1.0526130391955375,1.5693292277191997,-0.5167161885236622
318615,318695,7.872191429138184,6,1.3091321215741691,-0.06980112962545702,137,319695,324695,True,0,1.0059766620993613,0.7104446701639925,0.29553199193536883
329760,330710,9.867794036865234,18,1.0039973466396332,-0.0004269355114241742,0,331710,336710,True,8,1.0685314465761184,0.9999628060566749,0.06856864051944356
331935,332230,2.481438636779785,3,1.062208888888359,0.023076781609900874,18,333230,338230,True,7,1.049435751438141,1.2651691831474376,-0.2157334317092967
336535,338405,7.683517932891846,29,1.0852526496350765,-0.0071395064431025316,21,339405,344405,True,1,0.9868573026657105,1.0112159678201034,-0.02435866515439289
341580,341580,4.565625190734863,1,1.0819727894961835,-0.006439752092038777,32,342580,347580,True,73,1.4012252743840217,1.0272348967138538,0.37399037767016785
346630,346990,11.447373390197754,73,1.0443269039690495,-0.022111635026178907,25,347990,352990,True,0,1.0125280120857323,0.8483053031747492,0.16422270891098312
355090,355110,12.746042251586914,5,1.2128933994179099,-0.08411918765803439,73,356110,361110,True,33,1.1854913909435272,0.49482123137493156,0.6906701595685956
357560,358580,9.24297046661377,24,1.019911372373906,-1.3919775148788364e-06,5,359580,364580,True,9,1.0264492402672767,1.0196897677309293,0.006759472536347344
359795,359935,10.304742813110352,9,1.0843528543302556,0.0263233682807808,29,360935,365935,True,0,0.9690462770462036,1.3112380696015293,-0.3421917925553257
383790,384560,4.828821659088135,21,0.9689189799726009,0.00556989252029502,0,385560,390560,True,317,2.5932140647768973,1.0205518836357361,1.5726621811411612
385750,386860,6.488983154296875,21,1.0308298973143102,0.031943948597836336,21,387860,392860,True,297,2.5186796048879625,1.3378112433395177,1.1808683615484448
387905,389895,11.269804000854492,296,1.0823853890001773,0.03564361799121794,42,390895,395895,True,88,1.4906015843153,1.4562869417280537,0.03431464258724626
392705,395015,10.750663757324219,88,1.8614166662693024,0.0826110449823222,338,396015,401015,True,17,1.0549640944802001,2.7530477401132725,-1.6980836456330723
397200,397230,9.64806079864502,7,1.9959730089902878,-0.25799807019161997,384,398230,403230,True,10,1.0054172608922296,-0.20675203651222918,1.2121692974044587
399855,399920,5.260684013366699,10,1.2847234772443772,-0.05486154516836755,104,400920,405920,True,0,0.9798131986260414,0.8148343428773095,0.16497885574873195
410785,411155,8.466692924499512,17,0.97619974604249,-0.0004641445821389487,0,412155,417155,True,0,0.9662589057683945,0.9720827835989176,-0.005823877830523183
427055,427055,2.083024024963379,1,0.9531361782848835,-0.0010526040613203869,0,428055,433055,True,0,0.9538376222848892,0.9441890437636604,0.009648578521228801
444905,451435,11.82866096496582,829,0.9510385667979717,0.0009723096404756264,0,452435,457435,True,41,1.173109323978424,0.9656523806943208,0.20745694328410325
455600,456045,10.67009162902832,41,3.2082329184461202,-0.33545543592623944,785,457045,462045,True,65,1.3676992480158805,0.22069668605097315,1.1470025619649074
457770,459515,9.491779327392578,51,3.023060842696718,-0.7043783759143156,709,460515,465515,True,36,1.2594298960566521,-4.177422462623655,5.436852358680307
461010,462060,11.629636764526367,17,1.37415825638175,-0.04087006750232301,171,463060,468060,True,19,1.1275821681022644,0.9838491117345661,0.1437330563676983
464245,464895,11.865211486816406,19,1.2805644398331641,-0.0228084011382626,109,465895,470895,True,0,0.9773373190164566,1.0718675694180615,-0.0945302504016049
482380,483350,10.684708595275879,72,0.9638193984627723,-9.040945992436612e-05,0,484350,489350,False,104,1.9914775843098877,0.9630466236040692,1.0284309607058186
485465,486210,12.35657024383545,104,1.1728154637813568,0.06481217679403778,72,487210,492210,False,0,0.9583376282352513,1.619533392334262,-0.6611957640990108
